,Unnamed: 0,id,text,educational_value_labels,annotator_ids,problematic_content_label_present,problematic_content_label_agreement,language_names,language_code,encoding,disagreement
858,858,9e84d3c6-1b70-4aef-909d-95026340a8bf,"Den 3.7. skrev jeg om Abbey Road og ogs√• den nye bog der lige er kommet om studiet: Abbey Road ‚Äì The Best Studio in The World.
Jeg n√¶vnte ogs√• at den √∏nskede jeg mig i f√∏dselsdagsgave, og Mette var da ogs√• s√• s√∏d at give mig den.
Og den er god og meget flot. Hele studiets historie siden 1093 gennemg√•es, kunstnere, producere, teknikere, mikrofoner, teknikken omkring at sk√¶re en LP, ekkorummet osv. osv. ‚Äì det hele gennemg√•es ‚Äì og med en masse flotte (og tildels ikke f√∏r sete) billeder.
Jeg kan kun anbefale bogen til musikelskere. Nu mangler vi bare at f√• en guidet tur rundt i studiet ‚Äì men det sker nok aldrig üò¶
/H",['None'],"['a0585a5c-b72f-4c3a-a2a3-17e8e0b4ea4f'
 '85ac8d54-89c5-4473-95c4-797366f03cd0'
 '29b60230-70be-4917-aadd-994555f53aed']",False,1.0,dan_Latn,dan_Latn,"[0, 0, 0, 0, 0]",False
710,710,ecde814d-1ac3-46c6-a851-d5f99ea8445a,"#5 Nu er det s√• smart med Valve at de har steam og kan se at de fleste bruger ikke har hardwaren til at tr√¶kke en L4D p√• Cry-Engine, men at g√∏r brug af optimeret source engine, som ca 99% af alle deres steam bruger med sikkerhed kan k√∏re 60 FPS med s√• bliver markede st√∏re end f.eks. for et Cry-Engine basseret spil. Det er lidt samme stil Blizzard k√∏re mht spil med fair GFX, som en 2 √•r gammel mid-end PC Godt kunne tr√¶kke i dag. Hvor gameplay ogs√• er i fokus. I bund og grund handler det om at s√¶lge eksemplarer af et spil og holde udviklings omkostningerne nede s√• overskudet kan blive stort, men n√•r udviklings omkostningerne bliver holdte nede p√• engine udviklings fronten s√• bliver udgifterne rykket over p√• gameplay og single player/multiplayer oplevelse.",['None'],"['a0585a5c-b72f-4c3a-a2a3-17e8e0b4ea4f'
 '85ac8d54-89c5-4473-95c4-797366f03cd0'
 'e24d6253-5c08-4caa-85e5-03fb51ae84d1']",False,1.0,dan_Latn,dan_Latn,"[0, 0, 0, 0, 0]",False
692,692,218a5779-efaf-45ba-b86a-cc0b73f8494d,"Fullface dykkermasker
Webshops med fullface dykkermasker
Er du p√• udkig efter fullface dykkermasker? Vi anbefaler f√∏lgende webshops‚Ä¶
|Webshop||Produkter||Anmeldelser||Bed√∏mmelse||Link|
|Apuls.dk||Fitness||318||4,9||Bes√∏g|
|Fitnessgruppen.dk||Fitness||250||4,9||Bes√∏g|
|MuscleHouse.dk||Kosttilskud||361||4,9||Bes√∏g|
|Bodylab.dk||Fitness||28136||4,85||Bes√∏g|
|PurePower.dk||Kosttilskud||89||4,8||Bes√∏g|
|BilligSport24.dk||Sport||6901||4,8||Bes√∏g|
|Bodyman.dk||Fitness||5349||4,7||Bes√∏g|
|Fitnessguru.dk||Kosttilskud||666||4,7||Bes√∏g|
|Linuspro.dk||Fitness||257||4,7||Bes√∏g|
|Athletex.dk||Tr√¶ningst√∏j||24||4,6||Bes√∏g|
|GetBig.dk||Fitness||231||4,25||Bes√∏g|
|Sporttema.dk||Fitness||51||4,2||Bes√∏g|
|DenIntelligenteKrop.dk||Fitness||97||2,9||Bes√∏g|
De st√∏rste e-handler med sportsudstyr
Apuls.dk er i dag imellem de st√∏rste online firmaer inden for sportsudstyr. Firmaets udvalg indbefatter omtrent 9000 varer fra diverse producenter. Virksomhedens Trustpilot-score p√• 9,8 af 10 r√∏ber en h√∏j grad af kundeloyalitet. Vurderingen er baseret p√• 318 ratings, hvoraf 311 af disse giver topkarakter. P√• Facebook er 3444 personer tilh√¶ngere af Apuls.dk, og her har de modtaget 61 anmeldelser med en middel bed√∏mmelse p√• 4,9 af 5, som ogs√• er ret s√• flot.
Bodylab.dk er aktuelt imellem de mest benyttede internet varehuse inden for sportsudstyr. Forretningens sortiment indeholder opimod 1000 varer fra en r√¶kke brands. Webshoppens Trustpilot-score p√• 9,7 af 10 bevidner st√¶rk tilfredshed hos kunderne. Bed√∏mmelsen er baseret p√• 28136 bed√∏mmelser, hvoraf 25412 af dem er 5-stjernede. P√• Facebook er 106486 brugere fans af Bodylab.dk, og herp√• har webbutikken modtaget 2139 bed√∏mmelser med en gennemsnitlig score p√• 4,6 ud af 5, hvilket ogs√• er us√¶dvanligt overlegent.
BilligSport24.dk er aktuelt imellem de bedste e-forhandlere inden for sportsudstyr. Netbutikkens sortiment favner omkring 2500 varer fra en r√¶kke brands. Virksomhedens Trustpilot-score p√• 9,6 ud af 10 markerer enorm kundeloyalitet. Bed√∏mmelsen er baseret p√• 6901 anmeldelser, hvoraf 6032 af dem giver topkarakter. P√• Facebook er 5082 mennesker fans af BilligSport24.dk, og her har firmaet modtaget 15 vurderinger med en middel bed√∏mmelse p√• 4,8 af 5, hvilket tillige er s√¶rdeles beundringsv√¶rdig.
Billig-Fitness.dk er pt. en af de mest popul√¶re netshops der s√¶lger sportsudstyr. Butikkens sortiment sp√¶nder over omkring 1000 produkter fra en r√¶kke m√¶rker. Netbutikkens Trustpilot-evaluering p√• 9,4 ud af 10 tilkendegiver enorm kundeloyalitet. Ratingen er baseret p√• 3104 vurderinger, hvoraf 2649 af disse giver topkarakter. P√• Facebook er 60157 personer fans af Billig-Fitness.dk, og herp√• har virksomheden modtaget 620 ratings med en gennemsnitlig bed√∏mmelse p√• 4,7 af 5, som tillige er ret s√• overlegent.
Getbig.dk er pt. iblandt de mest benyttede webshops der s√¶lger sportsudstyr. Forhandlerens sortiment indbefatter omtrent 500 varer fra en r√¶kke producenter. Forhandlerens Trustpilot-bed√∏mmelse p√• 8,5 af 10 giver indtryk af god kundetilfredshed. Scoren er baseret p√• 231 ratings, hvoraf 166 af disse er 5-stjernede. P√• Facebook er 18460 personer fans af Getbig.dk, og herp√• har virksomheden modtaget 5 anmeldelser med en middel bed√∏mmelse p√• 5 af 5, hvilket liges√• er virkelig flot.
Fullface dykkermasker s√∏ges hyppigt
En hel del internet foretagender yder nu om dage en r√¶kke forskellige leveringstyper. Den mest almindelige er efterh√•nden levering til et afhentningssted, som giver dig fleksibiliteten til at hente din ordre den dag der passer dig. L√∏sningen er nemlig meget enkel, samt desuden ydermere den mindst kostelige mulighed for fragt.
Du burde ligeledes pr√∏ve at f√• pakken leveret til din bop√¶l eller til dit arbejdes adresse. Metoden bliver somme tider lidt dyrere, men lige s√• vel ret smertefri. Den mindst kostelige leveringsudgave af fullface dykkermasker er un√¶gtelig selv at hente produkterne, men dette beroer p√• at du er lige ved fullface dykkermasker online virksomhedens adresse.
Leveringstiden kan vise sig at v√¶re ualmindeligt relevant forudsat du har behov for produktet straks, og af den grund er det faktisk vigtigt at du tjekker den estimerede leveringstid ved den relevante vare.
Adskillige fullface dykkermasker forhandlere p√• nettet giver levering p√• n√¶stkommende hverdag p√• de fleste varenumre, men v√¶r p√•passelig da det betinges af at bestillingen indsendes forinden et fastsl√•et tidspunkt, s√• at de har mulighed for at n√• at f√• fullface dykkermasker sendt afsted f√∏r medarbejderne tager hjem.
Indtil flere online varehuse byder p√• fragt uden gebyr, men i mange tilf√¶lde er det under foruds√¶tning af at du aftager for en konkret sum. Alternativt b√∏r du gribe den mindst kostelige leveringsman√©r, hvilket tit ‚Äì hvad end du er n√¶r Vejle, Ringsted eller Hammel ‚Äì vil v√¶re at f√• dem til at bringe dine produkter til et afhentningssted.
Det er efterh√•nden yderst simpelt for alle at lave prissammenligning p√• fullface dykkermasker i blandt diverse internet foretagender, og af den grund har mange internet butikker set sig tvunget til at reducere salgspriserne p√• varerne ‚Äì til drenge og piger, og endvidere ogs√• til herrer og damer ‚Äì markant, og endda nogle gange tilbyde fragt uden betaling.
Men det kan immerv√¶k blive gunstigt at tjekke enkelte firmaer p√• nettet efter fullface dykkermasker rabat inden du handler, s√•dan at man er garanteret at skaffe sig den mindst kostelige pris.
Du m√• dog v√¶re omhyggelig med, at ifald en online virksomhed s√¶lger fullface dykkermasker til en salgspris der kan ses som gr√¶nsel√∏st attraktiv, kan det tit v√¶re en indikation p√• en uoprigtig internet webshop. Kortk√∏b er ikke desto mindre en del af et regulativ, som v√¶rner kunden overfor svindlende webshops.
Generelt g√•r vi ind for handler med kort eller mobilbetaling. Alternativt kan du benytte en afdragsordning som eksempelvis ViaBill, hvis du agter at godtg√∏re omkostningerne af flere omgange.
F√∏r folk bestiller fullface dykkermasker p√• en netshop kan de helt sikkert granske e-shoppens regler, det er dog normalt et omfattende projekt.
Et nemt alternativ kan v√¶re at granske hvorvidt online virksomheden er e-m√¶rket, hvilket l√¶nge har v√¶ret en antydning af at webshoppen tilslutter sig de danske retningslinjer, tillige med at den undertiden monitoreres af specialister der har den n√∏dvendige knowhow om de g√¶ldende bestemmelser. Det er en rigtig god genvej til bistand, ifald du skulle f√• besv√¶r ved dit k√∏b.
Yderligere er det prisv√¶rdigt at du er opm√¶rksom p√• de element√¶re retningslinjer der kan have indflydelse p√• k√∏bet, f.eks. den ombytningspolitik p√• fullface dykkermasker online forhandleren benytter. I relation til det er det tilmed relevant, at man permanent beholder ens kvittering, s√• man senere vil kunne bekr√¶fte sin shopping, ligegyldigt om du s√∏ger efter varer til en herre eller dame.
Trustpilot fremskaffer relativt p√•lidelige chancer for at analysere en stor gruppe nuv√¶rende forbrugeres ratings og herved foresl√•r vi, at du udforsker e-firmaets fullface dykkermasker omtaler forinden du k√∏ber.
Facebook yder ogs√• en del fortr√¶ffelige metoder til at f√• et kig ind i online virksomhedens kundetilfredshed. Foruden det ser vi endda internet butikker hvor du kan notere en vurdering af deres k√∏b, som ydermere kan udnyttes til vurdering af hvor tilfredse kunderne er.
Denne hjemmeside finansieres af annonceindt√¶gter. Vi har samarbejder med en r√¶kke internet virksomheder da vi promoverer forretningernes produkter, og indhenter honorar i tilf√¶lde af at du laver et k√∏b.
Orientering om fullface dykkermasker og online forhandlere underst√∏ttes l√∏bende, men vi kan desv√¶rre ikke garantere imod korrektioner der er blevet implementeret efter at vi sidst opdaterede hjemmesidens data.",['None'],"['a0585a5c-b72f-4c3a-a2a3-17e8e0b4ea4f'
 'b98b0144-391d-4e70-bae0-743ce94e6314'
 '85ac8d54-89c5-4473-95c4-797366f03cd0']",False,1.0,dan_Latn,dan_Latn,"[0, 0, 0, 0, 0]",False
604,604,5e5e8f2b-1547-406e-a8f4-c4828a18733d,"Kirseb√¶rtr√¶er findes i forskellige sorter, hver med deres unikke egenskaber. Nogle sorter producerer store, saftige kirseb√¶r, mens andre har mindre ...
Kirseb√¶rtr√¶er findes i forskellige sorter, hver med deres unikke egenskaber. Nogle sorter producerer store, saftige kirseb√¶r, mens andre har mindre frugter. Nogle sorter modner tidligt p√• s√¶sonen, mens andre f√∏rst er klar til h√∏st senere. N√•r man v√¶lger kirseb√¶rtr√¶ssorter, er det vigtigt at tage hensyn til klimaet og jordbundsforholdene. Ved at l√¶re de forskellige sorter at kende, kan man finde den rette kirseb√¶rtr√¶sort, der passer bedst til sine behov.
Hvorn√•r og hvor skal du plante dit kirseb√¶rtr√¶?
For at sikre den bedste v√¶kst b√∏r du plante dit kirseb√¶rtr√¶ i for√•ret, n√•r frostrisikoen er ovre. V√¶lg et solrigt sted i din have, hvor tr√¶et kan f√• mindst 6 timer direkte sollys dagligt. S√∏rg for at jorden er veldr√¶neret og rig p√• organisk materiale f√∏r plantningen. F√∏r du v√¶lger din tr√¶sort, kan du find dit dr√∏mme kirseb√¶rtr√¶ og f√• vejledning til de forskellige sorter. Efter plantning af kirseb√¶rtr√¶et er det vigtigt med konsekvent vanding, is√¶r i de f√∏rste v√¶ksts√¶soner.
S√•dan plejer du dit kirseb√¶rtr√¶ for optimal v√¶kst
Et velfplejet kirseb√¶rtr√¶ kr√¶ver regelm√¶ssig besk√¶ring for at fremme optimal v√¶kst. Besk√¶r tr√¶et om vinteren, n√•r det er i dvale, for at undg√• skader p√• tr√¶et. Fjern d√∏de, beskadigede eller krydsende grene for at forbedre luftcirkulationen og reducere risikoen for sygdomme. Undg√• at besk√¶re for kraftigt, da dette kan reducere tr√¶ets evne til at producere frugter. Giv tr√¶et rigeligt med vand og sollys samt regelm√¶ssig g√∏dning for at sikre optimal v√¶kst og frugtdannelse.
F√• din h√∏jeste kirseb√¶rh√∏st nogensinde med disse tips
- F√∏lg disse tips for at f√• din h√∏jeste kirseb√¶rh√∏st nogensinde.
- S√∏rg for at have sunde og velplejede kirseb√¶rtr√¶er.
- Giv tr√¶erne tilstr√¶kkelig vand og n√¶ringsstoffer.
- Beskyt h√∏sten mod skadedyr og sygdomme ved at bruge passende insekticider og fungicider.
- Pluk kirseb√¶rrene, n√•r de er modne, og opbevar dem korrekt for at bevare deres friskhed.
Hvordan besk√¶rer du dit kirseb√¶rtr√¶ korrekt?
Hvordan besk√¶rer du dit kirseb√¶rtr√¶ korrekt? 1. Start med at besk√¶re i tr√¶ets sovende periode om vinteren eller det tidlige for√•r, f√∏r tr√¶et begynder at blomstre. 2. Fjern f√∏rst alle d√∏de, beskadigede eller syge grene ved at sk√¶re dem t√¶t p√• grenkraven, hvor grenen m√∏der hovedstammen. 3. Skab en √•ben struktur ved at fjerne overfl√∏dige grene, der krydser eller vokser nedad. Pr√∏v at skabe en balance mellem de horisontale og vertikale grene. 4. Trim topv√¶ksten for at fremme en mere kompakt og spredt v√¶kst, s√•ledes at tr√¶et f√•r mere sollys og luftcirkulation. 5. Afslut besk√¶ringen ved at fjerne de sm√• vandskud, der opst√•r langs grenene, da de tager energien v√¶k fra mere v√¶rdifulde grene.
Tidlige, midts√¶son eller sene sorter ‚Äì hvad skal du v√¶lge?
Det er vigtigt at overveje, om du vil dyrke tidlige, midts√¶son eller sene sorter i din have. Tidlige sorter modnes typisk hurtigere og kan h√∏stes tidligere p√• s√¶sonen. Midts√¶son sorter er mere afbalancerede og har en l√¶ngere h√∏stperiode. Sene sorter modnes langsomt, men kan give en l√¶ngere h√∏stperiode i efter√•ret. Valget af sort afh√¶nger af din personlige pr√¶ference og det klima, du bor i.
G√∏r din have til et paradis: Brug kirseb√¶rtr√¶et som samlingspunkt
G√∏r din have til et paradis ved at bruge kirseb√¶rtr√¶et som et samlingspunkt. Et kirseb√¶rtr√¶ kan tilf√∏re farve og sk√∏nhed til din have med dets smukke blomster og saftige kirseb√¶r. Det kan ogs√• tiltr√¶kke fugle og insekter, hvilket skaber et levende √∏kosystem i din have. Brug kirseb√¶rtr√¶et som et sted at sidde og nyde naturen eller som et centrum for udend√∏rsaktiviteter med venner og familie. V√¶lg det rigtige sted i din have til at plante kirseb√¶rtr√¶et for at maksimere dets sk√∏nhed og funktion som samlingspunkt.
Opdag forskellige kirseb√¶rsorters smags- og teksturforskelle
Der findes mange forskellige kirseb√¶rsorter, der adskiller sig b√•de i smag og tekstur.
Nogle sorter har en s√∏d og saftig smag, mens andre er mere syrlige eller har en kombination af s√∏dme og syrlighed.
Texturforskellene kan ogs√• variere, hvor nogle kirseb√¶r kan v√¶re spr√∏de og faste, mens andre kan v√¶re bl√∏de og saftige.
Nogle sorter har store og saftige b√¶r, mens andre har mindre og mere t√¶tte b√¶r.
Det er sp√¶ndende at opdage og smage forskellige kirseb√¶rsorter for at f√• en fuld oplevelse af deres smags- og teksturforskelle.
Udnyt dit kirseb√¶rtr√¶s skyggefulde oase i sommerm√•nederne
Udnyt dit kirseb√¶rtr√¶s skyggefulde oase i sommerm√•nederne. Nyd en k√∏lig pause under tr√¶ets brede grene. L√¶g et t√¶ppe p√• gr√¶sset, og l√¶s en god bog i skyggen. Inviter venner og familie til en afslappet picnic. Forny energien og lad den beroligende atmosf√¶re omfavne dig.
Giv din have et farverigt og smukt pr√¶g med et kirseb√¶rtr√¶
S√¶t et farverigt og smukt pr√¶g p√• din have ved at plante et kirseb√¶rtr√¶. Det vil tilf√∏je liv og sk√∏nhed med sine smukke blomster og saftige b√¶r. Kirseb√¶rtr√¶er kommer i forskellige sorter og st√∏rrelser, s√• du kan finde den perfekte til din have. De er ogs√• nemme at passe og kr√¶ver ikke meget vedligeholdelse. S√• hvorfor ikke tilf√∏je et kirseb√¶rtr√¶ til din have og nyde et farverigt og smukt syn hver s√¶son?",['Excellent'],"['a0585a5c-b72f-4c3a-a2a3-17e8e0b4ea4f'
 '85ac8d54-89c5-4473-95c4-797366f03cd0']",False,1.0,dan_Latn,dan_Latn,"[0, 0, 0, 0, 0]",False
523,523,64eb325d-1c03-4016-9435-fff6269a41ea,"Trangia Gasbr√¶nder med gevind
469,00 kr.
Trangia Nylonbetr√¶k til gasbr√¶nder
49,00 kr.
Internet foretagender med trangia gasbr√¶ndere
Er du p√• udkig efter trangia gasbr√¶ndere? Vi anbefaler f√∏lgende webshops‚Ä¶
|Webshop||Produkter||Anmeldelser||Bed√∏mmelse||Link|
|GrejFreak.dk||Outdoor||6290||4,85||Bes√∏g|
|ProOutdoor.dk||Outdoor||2756||4,8||Bes√∏g|
|55Nord.dk||Outdoor||287||4,75||Bes√∏g|
|Outmore.dk||Outdoor||20||4,3||Bes√∏g|
|OutdoorPro.dk||Outdoor||109||4,3||Bes√∏g|
Vores favorit internet shops med outdoor-udstyr
Friluftsland.dk er aktuelt iblandt de mest popul√¶re online forhandlere der s√¶lger outdoor-udstyr. Webshoppens udvalg sp√¶nder over p√• den anden side af 10000 varer fra forskellige m√¶rker. Forretningens Trustpilot-evaluering p√• 9,5 af 10 demonstrerer utrolig tilfredshed hos kunderne. Ratingen er baseret p√• 2053 vurderinger, hvoraf 1716 af disse er 5-stjernede. P√• Facebook er 59555 personer fans af Friluftsland.dk, og her har virksomheden modtaget 410 ratings med en middel bed√∏mmelse p√• 4,75 ud af 5, hvilket liges√• er temmelig beundringsv√¶rdig.
GrejFreak.dk er pt. en af de mest benyttede internet shops i Danmark inden for outdoor-udstyr. Forretningens udvalg rummer over 15000 varer fra en r√¶kke m√¶rker. Forretningens Trustpilot-bed√∏mmelse p√• 9,7 ud af 10 bevidner stor tilfredshed hos kunderne. Vurderingen er baseret p√• 6290 bed√∏mmelser, hvoraf 5657 af disse giver topkarakter. P√• Facebook er 45588 mennesker tilh√¶ngere af GrejFreak.dk, og herp√• har firmaet modtaget 475 ratings med en gennemsnitlig bed√∏mmelse p√• 4,4 ud af 5, hvilket ligeledes er ultra imponerende.
55Nord.dk er aktuelt en af de st√∏rste online webshops med outdoor-udstyr. Firmaets udvalg indeholder i omegn af 1000 varer fra en r√¶kke m√¶rker. Deres Trustpilot-bed√∏mmelse p√• 9,5 ud af 10 indikerer enorm kundeloyalitet. Vurderingen er baseret p√• 287 anmeldelser, hvoraf 189 af disse er 5-stjernede. P√• Facebook er 7052 personer tilh√¶ngere af 55Nord.dk, og herp√• har forretningen modtaget 57 ratings med en middel score p√• 4,75 ud af 5, hvilket lige s√• vel er virkelig godt.
OutdoorPro.dk er pt. imellem de mest popul√¶re online forhandlere med outdoor-udstyr. Netshoppens udvalg udg√∏res af flere end 6000 varer fra forskellige m√¶rker. Webshoppens Trustpilot-evaluering p√• 8,6 ud af 10 demonstrerer stor tilfredshed hos kunderne. Vurderingen er baseret p√• 109 vurderinger, hvoraf 89 af dem giver topkarakter. P√• Facebook er 2529 brugere fans af OutdoorPro.dk, og her har virksomheden modtaget 46 anmeldelser med en middel score p√• 5 ud af 5, hvilket ogs√• er s√¶rdeles godt.
Eventyrsport.dk er aktuelt imellem de st√∏rste internet webshops med outdoor-udstyr. Virksomhedens sortiment best√•r af i omegn af 15000 produkter fra en r√¶kke producenter. Forretningens Trustpilot-score p√• 9,8 af 10 markerer en h√∏j grad af kundetilfredshed. Ratingen er baseret p√• 19084 vurderinger, hvoraf 17228 af disse er 5-stjernede. P√• Facebook er 17375 brugere fans af Eventyrsport.dk, og herp√• har firmaet modtaget 83 ratings med en middel bed√∏mmelse p√• 4,4 ud af 5, hvilket ligeledes er ret s√• imponerende.
Trangia Gasbr√¶ndere eftersp√∏rges hyppigt
Temmelig mange internet webshops tildeler i dag diverse leveringsmidler. En yndling er for n√¶rv√¶rende pakkeshoppen, fordi du s√• har fuld fleksibilitet til at hente pakken lige pr√¶cis n√•r det passer ind i din kalender. Fragttypen er alts√• s√¶rdeles bekvem, og ofte endvidere den billigste leveringsversion.
Du kan tillige t√¶nke over at f√• ordren sendt til din bolig eller til n√•r du er p√• job. Leveringstypen viser sig i regelen en smule mere omkostningsfuld, men samtidig ret fremkommelig. Den billigste leveringsmulighed af trangia gasbr√¶ndere er un√¶gtelig selv at hente varerne, men dette kr√¶ver at du lever n√¶r trangia gasbr√¶ndere e-butikkens hjemsted.
Leveringsdygtigheden kan v√¶re virkelig aktuel ifald du har behov for dine nye produkter nu og her, og derfor er det uden tvivl afg√∏rende at man besigtiger den forventede leveringsdato for det relevante produkt.
De fleste trangia gasbr√¶ndere e-forretninger frembyder levering p√• blot en enkelt hverdag p√• masser af varenumre, men v√¶r opm√¶rksom p√• at det er afh√¶ngig af at der bestilles inden et fastsat klokkesl√¶t, s√• at de kan n√• at f√• trangia gasbr√¶ndere skippet afsted forud for at personalet drager hjemad.
Visse internet foretagender lover fragt uden gebyr, men oftest er det forbeholdt n√•r du handler for et pr√¶cist bel√∏b. I √∏vrigt kunne du udse dig den mest betalelige leveringstype, der typisk ‚Äì uden hensyn til om man opholder sig n√¶r Fredericia, Kors√∏r eller T√∏nder ‚Äì vil blive at f√• fragtfirmaet til at levere dine produkter til en pakkeshop.
Det er jo virkelig fremkommeligt for forbrugerne at sammenligne priser p√• trangia gasbr√¶ndere hos flere online shops, og derfor har langt de fleste internet virksomheder v√¶ret tvunget til at nedsk√¶re salgsv√¶rdien p√• specielt deres bedst i test produkter ‚Äì til b√∏rn, men ligeledes til m√¶nd og kvinder ‚Äì en hel del, og endda nogle gange garantere fragt uden omkostninger.
Det kan imidlertid vise sig tiden v√¶rd at pr√∏ve nogle enkelte outlets p√• nettet efter trangia gasbr√¶ndere tilbud f√∏r du gennemf√∏rer din handel, s√• du er skr√•sikker p√• at opn√• den laveste pris.
Man b√∏r ikke desto mindre huske p√•, at ifald en netbutik reklamerer trangia gasbr√¶ndere for en pris der er gr√¶nsel√∏st god, b√∏r det mange gange v√¶re en indikation p√• en snydagtig online webshop. K√∏b med kort er imidlertid indbefattet af Indsigelsesordningen, hvilket forsvarer os overfor snydagtige forretninger p√• nettet.
Vi anbefaler generelt betalinger med kort eller mobilbetaling. Som alternativ kan du drage nytte af en afdragsordning som eksempelvis ViaBill, ifald du higer efter at klare prisen over en periode.
Forud for at nogen k√∏ber trangia gasbr√¶ndere hos en webbutik b√∏r man principielt granske webshoppens handelsvilk√•r, det er dog mange gange ikke s√¶rlig sp√¶ndende.
Et andet forslag er at kigge hvorvidt online butikken er tilsluttet e-m√¶rket, da det kan v√¶re en sikkerhed for at online forretningen efterlever de g√¶ldende danske regler, samt at butikken nu og da evalueres af fagfolk der er meget fortrolige lovgivningen. Derudover tilbydes du lejlighed til at f√• assistance, hvis du uds√¶ttes for besv√¶r med din shopping.
Yderligere st√∏tter vi at du er hensynstagende til de mest basale bestemmelser der indvirker p√• ordren, som fx hvilken returret p√• trangia gasbr√¶ndere internet selskabet benytter. I den forbindelse er det p√• samme m√•de vigtigt, at man til enhver tid gemmer ens faktura e-mail, s√• man senere kan bekr√¶fte sin shopping, ligegyldigt om man s√∏ger en vare til en voksen eller et barn.
Trustpilot tilbyder de facto gunstige l√∏sninger til at kigge p√• forskellige nuv√¶rende kunders tanker og derved kan det anbefales, at du sonderer netbutikkens trangia gasbr√¶ndere omtaler inden du shopper.
Facebook pr√¶sterer lige s√• vel ret s√• v√¶rdifulde chancer for at f√• kendskab til internet firmaets p√•lidelighed. I √∏vrigt m√∏der vi en del internet firmaer hvor kunder kan levere en vurdering af deres k√∏b, som lige s√• vel m√• benyttes til at danne dig et indtryk af hvor glade kunderne er.
Denne hjemmeside finansieres af annoncer. Vi arbejder sammen med en r√¶kke internet virksomheder hvor vi introducerer forretningernes produkter, og indkasserer provision i tilf√¶lde af at de personer vi sender videre fuldf√∏rer en bestilling.
Orientering vedr√∏rende trangia gasbr√¶ndere og online forhandlere ajourf√∏res fra tid til anden, men vi √∏nsker ikke at p√•tage os ansvaret for reguleringer der eventuelt er implementeret efter at vi senest opdaterede websitets oplysninger.",['None'],"['a0585a5c-b72f-4c3a-a2a3-17e8e0b4ea4f'
 '85ac8d54-89c5-4473-95c4-797366f03cd0']",False,1.0,dan_Latn,dan_Latn,"[0, 0, 0, 0, 0]",False
857,857,69c0682f-4c9c-44e0-b691-2f1fe115ba67,"Medlemsm√∏de


Generalforsamling 2017
Afholdes d. 7. Februar 2017, kl. 19,00 i m√∏delokalet St√•lv√¶rksvej 13
18,30 er foreningen v√¶rt ved et lille traktement, hertil er tilmelding
n√∏dvendig, til Gerda Siig p√• 23228629 senest 2 februar
Bestyrelsen
F√∏devarestyrelsen Informerer
Fugleinfluenza-trussel f√•r F√∏devarestyrelsen til at stramme reglerne
H√∏ns og andre fugle i fangenskab skal bag hegn og under tag for at forhindre fugleinfluenzaen i at rykke fra naturen og ind i de danske bes√¶tninger.
Og det skal bem√¶rkes at andre fugle, menes at ogs√• fx parakitter, tropefugle mv., ogs√• skal v√¶re under tag.
For at undg√• at den fugleinfluenza, som de seneste
dage er fundet i vildfugle flere steder i Danmark, spreder sig, bliver det fra midnat lovpligtigt for landets h√∏nse- og fjerkr√¶avlere at have deres dyr enten indend√∏re eller under hegn og med fast tag. √Ünder, g√¶s og fjervildt,
er dog undtaget, da de ikke kan holdes indend√∏rs.
Kravene skal v√¶re med til at mindske risikoen for, at den frygtede fugleinfluenza H5N8 spredes fra vildfugle til fjerkr√¶ i b√•de hobbybes√¶tninger og erhvervsfjerkr√¶. Sker det, st√•r Danmark til at miste eksportindt√¶gter i millionklassen, fordi en lang r√¶kke lande √∏jeblikkeligt vil standse deres import af blandt andet dansk fjerkr√¶k√∏d.
""Uanset om man er privat hobbyavler med fem h√∏ns i baghaven eller professionel √¶g- eller fjerkr√¶producent, betyder de nye regler, at ejerne fra nu af er forpligtede til at beskytte dyrene mod fugleinfluenzaen"", forklarer souschef Stig Mellergaard, F√∏devarestyrelsen. ""Det er meget vigtigt, at alle er med til at leve op til deres ansvar, s√• vi i f√¶llesskab kan bidrage til at sikre, at H5N8 ikke f√•r en fod inden for i danske bes√¶tninger"", siger Stig Mellergaard.
Ogs√• de √∏kologiske fjerkr√¶producenter er omfatter af F√∏devarestyrelsen krav. Det f√•r imidlertid ikke konsekvenser for den √∏kologiske status, at dyrene holdes inde i en begr√¶nset periode. F√∏devarestyrelsen kommer med en ny udmelding s√• snart de √∏kologiske fjerkr√¶ igen kan lukkes ud.",['Basic'],"['a0585a5c-b72f-4c3a-a2a3-17e8e0b4ea4f'
 '85ac8d54-89c5-4473-95c4-797366f03cd0']",False,1.0,dan_Latn,dan_Latn,"[0, 0, 0, 0, 0]",False
650,650,70bc7750-be93-4b61-babc-8958ebf4d022,"Den seneste tids meget varme vejr har gjort √∏ens vegetation s√• t√∏r, at Bornholms Brandv√¶sen nu er n√∏dsaget til at indf√∏re afbr√¶ndingsforbud. Forbuddet skal mindske risikoen for brande og indf√∏res med udgangspunkt i g√¶ldende lov p√• omr√•det.
Bornholms Brandv√¶sen indf√∏rer fra og med mandag den 4. juni 2018 forbud mod afbr√¶nding.
Det sker, da der pt. er en v√¶sentlig forh√∏jet risiko p√• √∏en for brande i s√•vel haver, p√• marker og i skove. P√• grund af den seneste tids mange dage med h√∏j varme og ingen regn befinder Bornholm sig nu p√• det niveau i det s√•kaldte t√∏rkeindex, hvor man er n√∏dt til at indf√∏re afbr√¶ndingsforbud. Forbuddet udstedes efter reglerne i Beredskabsloven og bekendtg√∏relse nr. 1339/2014 (afbr√¶ndingsbekendtg√∏relsen).
Afbr√¶ndingsforbuddet g√¶lder afbr√¶nding af:
- haveaffald halm, halmstakke og lign. som afbr√¶ndes p√• marker eller uopdyrkede arealeraffald fra skovbrugsiv og r√∏r, herunder r√∏rskove og enge, lyng, hede- og moset√∏r
- vb√•l, herunder b√•lfade.
Desuden g√¶lder forbuddet:
- anvendelse af grill (grill tillades p√• fast ikke-br√¶ndbart underlag)
- faste b√•lpladser ved eksempelvis ved shelterpladser. apparater og lignende, der fungerer ved forbr√¶nding, f.eks. svejse- eller sk√¶re-aggregater, bl√¶selamper, lyskilder, terrassevarmere, ukrudtsbr√¶ndere, udt√∏rringsapparater er ogs√• forbudt at bruge imens afbr√¶ndingsforbuddet g√¶lder
Pas ogs√• p√• ved rygning
Bornholms Brandv√¶sen beder ogs√• alle √∏ens borgere om at udvise s√¶rlig opm√¶rksomhed og forsigtig opf√∏rsel i forbindelse med rygning samt bortskaffelse af aske. R√•dene lyder: Lad aske blive i den tillukkede grill. Kast kun cigaretskodder og afbr√¶ndte t√¶ndstikker bort i egnede, ikke-br√¶ndbare beholdere.
Skulle der komme lidt regn i de kommende dage, vil risikoen for brand fortsat v√¶re h√∏j og der kan derfor godt g√• et stykke tid f√∏r afbr√¶ndingsforbuddet bliver oph√¶vet. Brandv√¶snet f√∏lger situationen n√∏je og vil naturligvis oph√¶ve forbuddet s√• hurtigt det er muligt og forsvarligt.
Medmindre forholdene √¶ndres v√¶sentligt, forventes der ikke udsendt yderligere meddelelse f√∏r den 8. juni n√•r vejrprognoser for 14 dages perioden frem mod Sankt Hans er tilg√¶ngelige.
Link til DMIs t√∏rkeindex
Yderligere information kan indhentes hos
Beredskabsinspekt√∏r
Michael Gr√∏nbech-Dam.
Bornholms Brandv√¶sen
Tlf. 61 13 71 72
mail: email@example.com.
Center for Natur, Milj√∏ og Fritid",['Basic'],"['a0585a5c-b72f-4c3a-a2a3-17e8e0b4ea4f'
 '85ac8d54-89c5-4473-95c4-797366f03cd0'
 'ec88c396-7fa8-4746-a92a-a91784e57b7b']",False,1.0,dan_Latn,dan_Latn,"[0, 0, 0, 0, 0]",False
399,399,b20402d1-8250-410c-b177-966b8ba16d61,"Online shopping r√•d
- Levering
Masser af e-firmaer tildeler nu et stort udvalg af former for levering. En af de popul√¶re er nu til dags levering til et afhentningssted, s√• du selv har mulighed for at hente dine produkter n√•r der er mulighed for det. L√∏sningen er jo yderst ukompliceret, samt tit desuden den mest letk√∏bte leveringsl√∏sning.
Du kunne alternativt fors√∏ge at f√• varerne leveret til hvor du bor eller til din arbejdsplads. Leveringsmetoden er gerne en kende mere omkostningsfuld, men derudover ualmindeligt gnidningsl√∏s. Den prisbilligste mulighed for fragt vil dog altid vise sig at v√¶re selv at hente produkterne, men den mulighed afh√¶nger af at du lever lige ved internet forhandlerens adresse.
Leveringstiden kan v√¶re virkelig v√¶sentlig n√•r du st√•r og skal bruge produktet fluks, og med det form√•l er det naturligvis fornuftigt at man dobbelttjekker den ansl√•ede leveringstid for det aktuelle produkt.
En masse internet firmaer frembyder dag-til-dag fragt p√• masser af varenumre, men som ikke desto mindre p√•kr√¶ver at bestillingen placeres tidligere end et bestemt tidspunkt, s√•dan at de kan n√• at f√• pakken p√• posthuset f√∏r pakkepersonalet f√•r fri.
Nogle f√• internet selskaber garanterer levering uden betaling, men undertiden p√•kr√¶ves det at man aftager for et pr√¶cist bel√∏b. I √∏vrigt burde du udv√¶lge den mest betalelige leveringsm√•de, hvilket i mange tilf√¶lde - uafh√¶ngig om man bor ved Odense, Hobro eller Sor√∏ - er at f√• dem til at levere pakken til en pakkeshop.
- Betaling
Det er efterh√•nden i h√∏j grad smart for alle at analysere priser i blandt forskellige internet forretninger, og for det har de fleste online virksomheder fundet det uundg√•eligt at reducere priserne p√• produkterne - til b√∏rn, og liges√• til m√¶nd og kvinder - kolossalt, og endda nogle gange pr√¶stere levering uden betaling. Til geng√¶ld kan det immerv√¶k vise sig indbringende at besigtige nogle internet handler efter rabat forud for at du gennemf√∏rer dit k√∏b, s√• man er sikret at f√• den laveste pris.
Man m√• imidlertid ikke glemme, at ifald en forretning p√• nettet afs√¶tter produkter for en pris som virker gr√¶nsel√∏st god, kan det tit v√¶re et signal om en fup e-butik. Handler med kort er dog omsluttet af Indsigelsesordningen, der bist√•r dig som kunde overfor uoprigtige e-forhandlere.
Vi foresl√•r generelt kortk√∏b eller MobilePay. Som alternativ kan du overveje en afdragsl√∏sning fra fx ViaBill, n√•r du √∏nsker at afbetale pengene over flere uger.
- Betingelser
Forinden folk shopper i en netbutik burde man altid tage stilling til webshoppens betingelser, dog er det gerne ikke specielt ophidsende.
En anden valgmulighed kunne derfor v√¶re at se n√¶rmere p√• hvorvidt internet webshoppen er medlem af e-m√¶rke ordningen, eftersom det b√∏r v√¶re et signal om at online firmaet opretholder dansk lovgivning, udover at virksomheden l√∏bende efterses af jurister der har ekspertise inden for reglementet p√• omr√•det. Det giver dig mulighed for hj√¶lpende service, n√•r du bliver udsat for besv√¶r som f√∏lge af dit indk√∏b.
Derudover stiller vi forslag om at k√∏ber er oppe p√• m√¶rkerne omkring de mest centrale vilk√•r der influerer p√• k√∏bet, eksempelvis hvilken returneringsret e-forhandleren garanterer. I den relation er det virkelig relevant, at man stadigv√¶k bibeholder ens faktura, s√• man n√•r som helst vil kunne bekr√¶fte sin ordre, om du er mand eller kvinde.
- Anmeldelser
Trustpilot indeb√¶rer immerv√¶k anst√¶ndige chancer for at tyde forskellige √∏vrige kunders domme og derfor foresl√•es det, at du analyserer online butikkens anmeldelser f√∏r du k√∏ber.
Facebook bringer dig tillige relativt h√¶derlige metoder til at f√• et kig ind i internet firmaets kundefokus. I √∏vrigt er der en del internet forhandlere hvor det er muligt at udf√¶rdige en omtale af deres k√∏bsoplevelse, hvilket tilmed b√∏r tages i brug til at afveje hvor tilfredse kunderne er.
- Disclaimer
Dette website finansieres af reklamer. Vi har faste samarbejder med en gruppe af online butikker n√•r vi annoncerer deres produkter, og indkasserer provision n√•r en bruger fra vores side foretager et indk√∏b.
Viden om varer og online butikker vedligeholdes ofte, men vi tager forbehold for √¶ndringer der kan v√¶re udarbejdet siden vi sidst opdaterede de viste informationer.",['Minimal'],"['a0585a5c-b72f-4c3a-a2a3-17e8e0b4ea4f'
 '85ac8d54-89c5-4473-95c4-797366f03cd0']",False,1.0,dan_Latn,dan_Latn,"[0, 0, 0, 0, 0]",False
925,925,da7bd69c-5722-460f-a5bb-b2ea05175a0c,"Nogensinde ved Nemlig hvad du vil sige, men dine ord kommer ud alt forvirret?
Dette sker normalt, n√•r du mindst forventer det. Det er ikke som om du pludselig har glemt, hvordan du danner en s√¶tning - det er mere som en midlertidig systemfejl i dit kontrolcenter.
Samtidig arbejder din hjerne en hel r√¶kke forskellige ord og udsagn for dig at sige, det fors√∏ger ogs√• at koordinere bev√¶gelserne i din mund, tunge, l√¶ber og fokal fold, siger Jonathan Preston, Ph.D., en assisterende professor i kommunikationsvidenskab og forstyrrelser ved Syracuse University.
Problemet: Sommetider bev√¶ges din hjerne hurtigere end din mund. N√•r du fors√∏ger at fremskynde din tale for at holde trit, slutter du at snuble over dine ord, siger Preston.
Dine nerver g√∏r tingene v√¶rre. Hvis du er ivrig efter, hvordan du ser eller lyder mens du taler - is√¶r hvis du er foran mange mennesker - det er en mere bowlingstift, din hjerne skal jonglere. Dette f√∏rer til endnu flere sproglige slip-ups, siger Preston.
Men du kan s√¶tte en stopper for disse lejlighedsvise, d√•rlige timers snubler. Det tager bare lidt √∏velse.
1. S√¶nk ned. Jo hurtigere du snakker, jo mere sandsynligt er du at lave en flub, siger Preston.
Fokuser p√• at bremse dit talende tempo. Forestil dig at du l√¶ser et stykke tekst - den slags du muligvis reciterer ved et bryllup eller forretningspr√¶sentation.
Relaterede: The Better Man Project-2000 + Tips og teknikker til at hj√¶lpe dig med at blive mere fantastiske
Hold pause kort og t√¶nk hele s√¶tningen igennem. N√•r du taler mere bevidst, holder du din hjerne og mund i bev√¶gelse i samme tempo.
Som en bonus hj√¶lper dette dig ogs√• med at forbinde bedre med dit publikum.
Forskere fra University of Michigan analyserede telefonsamtalernes telefonsamtaler og fandt ud af, at folk, der pausede ofte under deres toneh√∏jde, var mere overbevisende end opkald, der talte uafbrudt.
Forskerne siger, at folk typisk holder pause omkring fem gange i minuttet. Dette talem√∏nster lyder mere trov√¶rdigt for lyttere end n√•r du spytter ord uden pauser.
2. Taler tydeligt. Nogle amerikanere med alvorlige stuttere eller patologiske talproblemer overvinder deres vanskeligheder ved at tale i britiske accenter eller h√¶ve eller s√¶nke deres stemmer, siger Preston.
""N√•r du taler p√• en m√•de, der er uovertruffen for dig, skifter du opm√¶rksomheden v√¶k fra det du siger og s√¶tter den p√• hvordan du siger det. ""Denne √¶ndring i fokus f√∏rer til f√¶rre bundet tunger, siger han.
Du beh√∏ver ikke at tale som om du er et tegn i en Guy Ritchie-flick. Bare klart afklare hvert ord, du siger.
Relaterede: 7 trin til at fort√¶lle en fantastisk historie
Som at tale langsommere, kan dine ord pr√¶cist danne dine ord, s√• din hjerne ikke l√∏ber foran din mund, siger Preston.
3. Husk, at ingen bryr sig. Selvf√∏lgelig h√∏rer du dine egne goofs, s√• du tror nok, at alle andre ogs√• springer dem.
Slap af. Lejlighedsvis tale snuble er super almindelig og acceptabel, siger Preston. Da vi alle glider op, er det sandsynligvis, at folkene omkring dig ikke engang m√¶rker sig, siger han.",['Basic'],"['a0585a5c-b72f-4c3a-a2a3-17e8e0b4ea4f'
 '9987848b-debb-4ed3-a97b-14eb9b3c4322'
 '85ac8d54-89c5-4473-95c4-797366f03cd0']",False,1.0,dan_Latn,dan_Latn,"[0, 0, 0, 0, 0]",False
79,79,808f8f9e-802e-4ebe-a3da-403e418fc504,"Vi er s√• stolte n√•r andre passionerede madn√∏rder, v√¶lger at samarbejde med os. Mandala Organic er en anmelderrost distribut√∏r af √∏kologiske kvalitetsprodukter indenfor krydderier, urter, krydderiblandinger, dip og salte. Du kan finde Mandala Organics produkter i Michelin restauranter, s√•vel som hjemme hos madentusiaster. Deres krydderier og blandinger laves l√∏bende i sm√• portioner efter egne opskrifter p√• stenkv√¶rn. Her bruges hverken fyldemidler, smagsforst√¶rkere, antiklumpningsmidler eller konserveringsmidler. S√•dan sikrer de, at krydderierne og blandingerne kommer til deres fulde ret, og garanterer samtidig kunderne den rene, friske smag. De forst√•r virkeligt at holde samtlige aromaer og nuancer fra krydderiernes vidunderlige univers intakte hele vejen til, at de rammer dit k√∏kkenbord.
Beskrivelse
Hvid peber er kort fortalt sort peber uden den sorte skal. De modne sorte peberkorn ibl√∏ds√¶ttes af flere omgange, hvorefter den sorte yderside fjernes. Smagen er derfor pr√¶get en smule af fermentering, mens styrken er den samme, omend aromaen er lidt mere d√¶mpet.
S√•dan kan du g√∏re
Hvid peber adskiller sig ikke meget fra den sorte, men er bl.a. god i lyse saucer, hvis man af √¶stetiske √•rsager ikke bryder sig om sorte gnister i den hvide sovs eller i sin blomk√•lspur√©.
Ingredienser:
100% √∏kologisk hvid Peber* (Piper nigrum). Altid 100% √∏kologisk indhold.",['None'],"['a0585a5c-b72f-4c3a-a2a3-17e8e0b4ea4f'
 'b98b0144-391d-4e70-bae0-743ce94e6314'
 '85ac8d54-89c5-4473-95c4-797366f03cd0']",False,1.0,dan_Latn,dan_Latn,"[0, 0, 0, 0, 0]",False
524,524,91460d0a-2e73-4702-9bb5-3a1727baada9,"Hvis du drikker som resten af landet, glemmes det meste af det, du l√¶rer om Fireball, om morgenen. Og det er retf√¶rdigt. Det er det ikke rigtig en drink lavet til tankev√¶kkende ildsted .
Men i betragtning af den meteoriske stigning af Fireball Cinnamon Whisky, der er vokset fra 1,9 millioner dollars i salg i 2011 til 863,5 millioner dollars i 2014, er det sv√¶rt ikke at v√¶re lidt nysgerrig efter tingene - hvilken dragehule det kom fra, siger eller hvorfor folk elsker det s√• meget.
Til √¶re for skuddet, der forts√¶tter med at give, uanset om vi vil have det eller ej, er der 10 ting, du b√∏r vide om Fireball.
Det er ikke teknisk 'whisky.'
Whisky er defineret som en spiritus 'aftappet med ikke mindre end 40 volumenprocent alkohol (80 bevis).' Fireball er mere af en aromatiseret whisky eller, for at v√¶re super teknisk, en 'specialitet' destilleret √•nd - omend en, der pr√∏ver at √∏ge sin d√•rlige r√∏vkvotient med navnet Fireball et syge dragen logo.
Vi m√• muligvis takke - gisp - Canada for Fireball.
For s√• vidt der findes en ildkuglemytologi, peger mindst en oprindelseshistorie p√• en canadisk bartender, der pr√∏ver at varme op p√• en af disse klassisk utilgivende, men alligevel sexede canadiske n√¶tter. Tilsyneladende ville sprut alene ikke v√¶re tilstr√¶kkelig (det varmer dig heller ikke rigtig), s√• vores mystiske bartender tilf√∏jede kanel og sukker. Ligesom hvis du lavede sk√•l, men at blive fuld af. Der er ogs√• en solid chance for, at tingene blev opfundet, da nogen faldt nogle af Mike og Ike Hot Tamales ind i m√•neskin og bare gik efter det.
Fearmongering tid! Fireball blev tilbagekaldt p√• grund af bekymring om, at den indeholdt en ingrediens, der blev brugt til frostv√¶ske.
Ellers kendt som propylenglycol, ellers kendt som en del af blandingen, der bruges til at afisere fly. I 2014 var Fireball tilbagekaldt i europ√¶iske lande fordi propylenglykolniveauer blev anset for h√∏je til disse markeder. Men rolig, festdyr, b√•de FDA og CDC, har anset propylenglycol som sikre ved lave forbrugsniveauer (pr. FDA, 'ca. 50 gram pr. Kg' i mad). Fireball erstattede straks sine europ√¶iske flasker og har ikke husket alle produkter i USA. Du har sandsynligvis brugt propylenglycol i et stykke tid nu, det bruges i alt fra kosmetik til e-cigs til, Gud hj√¶lper os, l√¶kker is.
Folk laver mad med det. Med vilje.
Anti-fryse eller nej, folk inkorporerer stadig glade Fireball i en bred, underlig r√¶kke opskrifter, der sp√¶nder fra skumfiduser til k√∏dboller . Der er selvf√∏lgelig de billioner forskellige Fireball-skudopskrifter, men maden er, hvor den bliver rigtig interessant. Vores personlige favorit kan v√¶re virksomhedens egen "" Firebagel ""Opskrift, som helt sikkert vinder point for nem udf√∏relse og ogs√• er helt un√∏dvendig.
Chris Pratt blev engang fuld af det og gav skuespil.
Det er uklart, om denne video af dinosaur-hvisker Chris Pratt var √•benlys produktplacering, resultatet af en √¶gte k√¶rlighed til Fireball, eller begge dele, men det er en video, der er v√¶rd at se . I slutningen af et interview med GQ bliver Pratt bedt om at give nogle gratis skuespilundervisning, hvilket han g√∏r, mens han blitzed p√• Fireball. (Voksen-sprog bruges.) Hans bedste r√•d kommer i slutningen - enten n√•r Pratt anbefaler, hvordan du overbeviser din √¶gtef√¶lle om, at du ikke gik glip af deres f√∏dselsdag, eller hvordan man virkelig g√∏r det i Hollywood. √ân ting er klar: Det er al visdom, der drives af 'Ball'.
Fireball var en sen blomstrer.
Fireball er som pigen i filmen, der b√¶rer briller, tager briller af, holder op med at g√• i marcherende band, f√•r en makeover fra en sassy ven og begynder en hvirvelvind-romantik med Prom King, som i det virkelige liv sandsynligvis vil f√∏re til uplanlagt graviditet og en bitter skilsmisse. Fireball har eksisteret siden 1984, men Amerika blev f√∏rst forelsket i det i slutningen af 2000'erne. En del af forsinkelsen i popularitet har muligvis at g√∏re med det faktum, at det var fast i Canada indtil 2001 med det mindre end sexede navn ""Dr. McGillicudys Fireball Whisky. "" Men Sazerac k√∏bte den, gav den ovenn√¶vnte makeover montage og - mest imponerende - gik ud p√• gaden for at markedsf√∏re tingene ansigt til ansigt. M√•ske havde brandambassad√∏rerne alle dr√∏mmende √∏jne, Amerika faldt hoved over h√¶l.
Der var et kort, ulykkeligt fors√∏g p√• at bokse Fireball.
Ikke alle Fireball branding eksperimenter fungerede. Tag al den klassiske Fireball og tilf√∏j al den klassiske boksvin, og du har det mislykkede 2016-eksperiment kendt som 'Firebox', som igen p√• en eller anden m√•de ikke lykkedes p√• trods af at v√¶re s√• forbandet klassisk.
Du kan ogs√• have Fireball swag.
To vellykkede aspekter af Sazeracs Fireball-makeover: Omm√¶rkning med det edgy dragon-logo og hyping via aggressiv merchandising ( st√¶rk sovs , remme , T-shirts med slogans, der ser ud til at v√¶re en slags halvvejs juridisk forsvar .) Dragen er st√¶rkt indeholdt i Fireball swag, men der er ogs√• dragespecifik slang. For eksempel kaldes at drikke Fireball kaldet 'slayin '', som i, 'Annuller dine planer for i morgen, Derek, fordi vi slayin' i aften.'
Fireball gik til Coachella, og det gjorde du ikke.
En anden massiv komponent i brandets genopblussen er dets omfavnelse af sociale medier med n√¶sten 80K-st√¶rk Instagram tilh√¶ngere og hashtag-kampagner som #FireballAroundtheWorld, hvor Fiery 'Ballers (hvordan kan dette ikke v√¶re deres kaldenavn?) fotograferer sig selv med Fireball overalt fra Nicaraguanske spabade til (d√•rligt planlagt?) sned√¶kkede bjergudflugter. Fireball scorede endda billetter til Coachella . Traditionelt drikker selvf√∏lgelig st√∏rstedelen af os Fireball ud af en solo-kop i vores brohems overfyldte k√∏kken, eller hvis det har v√¶ret en rigtig lang uge, skal du bare banke den tilbage i karret.
Der er en app til det.
Mere pr√¶cist er der en app til det officielle ildkuglespil , 'Dragons, Dice & Dares.' Desv√¶rre er der meget f√• dragerelaterede udfordringer i spillet. I stedet vil du se dine klassiske disrobing-udfordringer, tvunget tilst√•else af pinlig personlig historie og selvf√∏lgelig toilettet papirrelateret t√∏r. Smager som himlen. Br√¶nder som helvede. Overbeviser dig om at l√¶gge toiletpapir p√• dit hoved.",['Basic'],"['a0585a5c-b72f-4c3a-a2a3-17e8e0b4ea4f'
 '85ac8d54-89c5-4473-95c4-797366f03cd0']",False,1.0,dan_Latn,dan_Latn,"[0, 0, 0, 0, 0]",False
